year,yday,prcp,swe,tmax,tmin
2020,1,5.82,67.66,-1.52,-13.76
2020,2,1.85,69.51,-3.80,-11.31
2020,3,0.00,69.51,-1.94,-13.88
2020,4,0.00,69.51,4.61,-12.30
2020,5,2.84,72.35,2.16,-12.47
2020,6,0.00,72.35,-5.05,-12.77
2020,7,0.00,72.35,1.43,-11.94
2020,8,1.09,73.44,5.27,-11.93
2020,9,1.95,75.39,-2.29,-12.31
2020,10,0.70,76.09,-8.03,-18.32
2020,11,2.57,78.66,-3.73,-20.18
2020,12,1.20,79.86,-5.96,-15.87
2020,13,2.50,82.36,-5.18,-13.61
2020,14,0.00,82.36,1.75,-9.71
2020,15,0.00,82.36,1.47,-12.58
2020,16,0.00,82.36,5.36,-11.90
2020,17,5.66,88.02,-1.62,-14.23
2020,18,0.00,88.02,-3.81,-18.72
2020,19,0.00,88.02,-1.42,-15.64
2020,20,0.00,88.02,3.30,-15.47
2020,21,3.16,91.18,1.53,-9.17
2020,22,7.79,98.97,-1.72,-8.65
2020,23,3.80,102.77,-3.69,-8.64
2020,24,1.37,104.14,1.88,-8.99
2020,25,0.00,104.14,-0.26,-8.71
2020,26,0.00,104.14,3.01,-9.47
2020,27,1.34,105.48,-0.22,-10.69
2020,28,0.00,105.48,-2.70,-13.84
2020,29,0.58,106.06,-2.18,-13.36
2020,30,1.96,108.02,-5.26,-13.96
2020,31,0.00,108.02,-2.87,-16.50
2020,32,0.00,108.02,4.30,-10.17
2020,33,0.00,108.02,10.74,-7.65
2020,34,7.58,115.60,2.47,-12.54
2020,35,1.58,117.18,-10.41,-21.43
2020,36,2.85,120.04,-11.23,-26.92
2020,37,13.91,133.94,-4.58,-17.85
2020,38,8.36,142.30,-2.80,-9.73
2020,39,7.75,150.06,4.08,-7.04
2020,40,7.93,157.98,-1.99,-10.45
2020,41,3.42,161.40,-3.56,-13.48
2020,42,0.00,161.40,-4.41,-20.91
2020,43,2.74,164.14,-5.74,-16.27
2020,44,0.00,164.14,-6.00,-13.98
2020,45,0.00,164.14,5.40,-13.08
2020,46,2.79,166.93,1.43,-10.26
2020,47,9.35,176.28,-0.23,-6.50
2020,48,5.33,181.61,-2.15,-10.89
2020,49,0.00,181.61,-2.87,-15.88
2020,50,1.88,183.49,-0.77,-17.32
2020,51,0.00,183.49,-0.57,-22.06
2020,52,0.00,183.49,4.40,-16.44
2020,53,7.18,190.67,6.79,-10.25
2020,54,8.93,199.59,0.25,-10.03
2020,55,5.01,204.60,-5.49,-15.35
2020,56,1.30,205.90,-10.28,-19.53
2020,57,0.89,206.79,-4.44,-23.60
2020,58,0.00,206.79,-0.20,-13.14
2020,59,0.00,206.79,4.79,-13.38
2020,60,0.00,206.79,5.11,-11.51
2020,61,3.58,210.38,3.52,-9.02
2020,62,0.00,210.38,-0.60,-10.15
2020,63,0.00,210.38,2.32,-13.80
2020,64,0.00,210.38,5.84,-13.62
2020,65,0.00,210.38,5.72,-10.11
2020,66,0.00,210.38,9.00,-8.81
2020,67,0.00,210.38,9.80,-6.22
2020,68,1.46,209.56,8.70,-4.06
2020,69,0.00,208.80,5.55,-4.19
2020,70,2.24,208.70,4.09,-5.74
2020,71,0.00,208.70,7.85,-6.44
2020,72,0.00,208.08,7.12,-4.54
2020,73,3.46,211.55,6.11,-6.06
2020,74,0.00,211.55,6.02,-6.00
2020,75,0.00,211.55,8.15,-7.62
2020,76,0.00,211.55,8.91,-6.59
2020,77,0.00,211.21,9.88,-5.19
2020,78,0.00,211.21,8.65,-6.64
2020,79,4.10,215.30,0.37,-6.49
2020,80,2.88,218.18,1.79,-10.84
2020,81,4.06,222.24,4.73,-11.22
2020,82,3.36,225.60,2.48,-9.03
2020,83,4.84,230.44,3.97,-10.33
2020,84,0.00,230.27,6.64,-5.60
2020,85,0.00,228.80,6.82,-2.52
2020,86,0.00,227.91,8.77,-3.88
2020,87,4.05,231.96,3.34,-9.83
2020,88,0.00,231.96,-1.56,-13.00
2020,89,0.54,232.50,2.86,-13.71
2020,90,1.73,234.24,3.86,-7.79
2020,91,0.00,234.14,8.90,-5.78
2020,92,0.00,233.06,10.06,-3.42
2020,93,3.11,236.17,8.36,-8.26
2020,94,0.96,237.14,2.95,-13.67
2020,95,0.00,237.14,7.09,-9.01
2020,96,0.00,236.26,10.60,-3.90
2020,97,0.00,235.36,11.40,-3.87
2020,98,0.00,234.11,11.83,-3.03
2020,99,0.00,233.78,10.99,-5.21
2020,100,2.45,233.31,14.07,-4.88
2020,101,0.00,232.14,10.86,-3.22
2020,102,7.02,231.84,9.09,-5.28
2020,103,10.30,242.14,0.09,-8.35
2020,104,3.94,246.07,-1.32,-14.40
2020,105,0.00,246.07,-1.01,-19.90
2020,106,6.08,252.15,2.87,-11.71
2020,107,8.78,260.94,2.49,-8.41
2020,108,0.00,260.94,5.63,-11.00
2020,109,2.33,263.27,6.73,-7.52
2020,110,1.64,264.91,6.85,-6.43
2020,111,0.00,264.74,8.15,-5.60
2020,112,0.00,264.37,10.71,-5.12
2020,113,0.00,263.35,9.96,-3.56
2020,114,9.65,262.04,7.70,-2.89
2020,115,2.42,260.98,5.70,-3.47
2020,116,0.00,259.55,9.22,-2.59
2020,117,4.05,258.03,12.46,-2.39
2020,118,0.00,256.61,14.88,-2.62
2020,119,0.00,254.49,12.43,-0.94
2020,120,0.00,252.87,17.06,-2.16
2020,121,0.00,250.26,18.20,0.22
2020,122,0.00,247.46,18.82,0.66
2020,123,1.09,245.22,16.58,-0.65
2020,124,2.43,243.15,16.73,-1.08
2020,125,0.00,241.82,9.96,-2.84
2020,126,0.00,241.79,12.38,-5.93
2020,127,0.00,240.81,15.80,-3.67
2020,128,0.00,239.94,12.50,-3.93
2020,129,0.00,239.94,13.05,-7.53
2020,130,0.00,238.62,12.25,-2.85
2020,131,0.00,237.61,15.45,-3.61
2020,132,9.24,235.24,8.22,-0.34
2020,133,0.00,232.53,14.69,0.46
2020,134,0.00,229.52,14.56,1.17
2020,135,0.00,227.22,13.43,-0.53
2020,136,0.82,224.88,13.99,-0.43
2020,137,0.00,222.14,14.59,0.53
2020,138,0.00,219.58,18.68,0.09
2020,139,0.00,215.61,21.93,3.45
2020,140,0.00,211.87,21.38,2.92
2020,141,0.00,209.08,18.38,0.64
2020,142,0.00,208.15,14.13,-3.80
2020,143,0.00,206.59,17.25,-2.28
2020,144,0.00,204.48,15.12,-0.99
2020,145,10.56,202.81,6.58,-2.02
2020,146,0.00,201.78,10.11,-3.53
2020,147,0.00,200.42,15.73,-2.78
2020,148,2.47,197.19,16.69,1.69
2020,149,0.00,193.74,20.22,2.22
2020,150,0.90,189.61,21.74,3.83
2020,151,1.31,185.38,21.79,4.06
2020,152,0.81,181.04,20.02,4.33
2020,153,0.00,176.91,21.74,3.85
2020,154,0.00,172.32,21.31,4.92
2020,155,0.00,168.36,20.89,3.43
2020,156,2.68,164.43,19.56,3.35
2020,157,0.00,160.42,24.43,3.55
2020,158,2.63,156.09,15.85,4.30
2020,159,0.00,152.94,19.76,1.51
2020,160,6.03,151.18,17.68,-1.82
2020,161,0.00,149.62,6.21,-2.27
2020,162,0.00,147.18,14.51,-0.19
2020,163,0.00,144.76,18.82,-0.24
2020,164,0.00,140.91,22.48,3.16
2020,165,1.26,136.12,21.65,5.40
2020,166,0.00,131.77,20.68,4.36
2020,167,0.00,128.25,22.47,2.40
2020,168,0.00,123.80,22.52,4.59
2020,169,0.00,119.85,22.37,3.42
2020,170,9.64,116.62,17.06,1.69
2020,171,2.92,113.38,13.38,1.70
2020,172,0.00,110.91,18.63,-0.12
2020,173,0.76,107.34,18.67,2.50
2020,174,2.60,103.08,19.38,4.14
2020,175,0.95,98.92,21.47,3.91
2020,176,0.00,94.45,23.08,4.63
2020,177,3.95,89.78,21.57,5.13
2020,178,1.14,85.83,22.72,3.40
2020,179,0.00,82.16,20.67,2.74
2020,180,0.00,77.76,21.82,4.47
2020,181,0.00,73.34,22.58,4.53
2020,182,0.00,70.27,15.89,1.31
2020,183,0.00,67.89,21.02,-0.32
2020,184,0.00,63.91,23.19,3.47
2020,185,0.94,59.08,22.75,5.50
2020,186,9.41,54.29,21.84,5.41
2020,187,0.00,49.83,22.28,4.63
2020,188,0.00,45.11,23.76,5.23
2020,189,0.00,39.82,24.35,6.59
2020,190,0.00,35.52,23.34,4.24
2020,191,0.00,31.01,24.89,4.75
2020,192,0.00,26.71,25.81,4.25
2020,193,0.00,22.41,26.51,4.23
2020,194,2.51,17.34,24.52,6.08
2020,195,0.00,11.76,24.56,7.27
2020,196,5.49,6.69,23.41,6.07
2020,197,0.00,2.27,22.06,4.53
2020,198,0.00,0.00,23.29,6.08
2020,199,0.00,0.00,22.61,4.32
2020,200,0.00,0.00,23.06,5.78
2020,201,0.00,0.00,22.25,6.72
2020,202,0.00,0.00,23.72,4.80
2020,203,0.00,0.00,24.33,6.39
2020,204,1.55,0.00,22.89,5.60
2020,205,4.61,0.00,21.92,4.88
2020,206,5.24,0.00,18.99,7.02
2020,207,12.10,0.00,15.81,7.72
2020,208,2.68,0.00,19.73,7.15
2020,209,0.00,0.00,22.54,6.15
2020,210,3.23,0.00,18.09,6.03
2020,211,1.68,0.00,21.68,4.40
2020,212,0.00,0.00,20.94,4.92
2020,213,0.00,0.00,23.23,4.69
2020,214,2.30,0.00,23.97,4.77
2020,215,0.00,0.00,23.17,5.32
2020,216,0.00,0.00,24.00,6.73
2020,217,0.00,0.00,23.66,7.47
2020,218,0.00,0.00,24.87,7.56
2020,219,0.00,0.00,23.07,8.10
2020,220,0.00,0.00,24.36,5.08
2020,221,0.00,0.00,23.91,5.34
2020,222,0.00,0.00,24.01,4.81
2020,223,0.00,0.00,24.03,6.18
2020,224,0.00,0.00,24.23,6.99
2020,225,0.00,0.00,22.55,5.53
2020,226,0.00,0.00,24.78,4.43
2020,227,0.00,0.00,24.71,4.89
2020,228,0.00,0.00,25.12,4.69
2020,229,0.00,0.00,25.07,4.84
2020,230,0.00,0.00,25.95,7.05
2020,231,0.00,0.00,26.37,7.13
2020,232,0.00,0.00,26.40,7.89
2020,233,0.89,0.00,24.27,6.24
2020,234,0.00,0.00,24.50,5.33
2020,235,0.00,0.00,25.73,6.28
2020,236,0.00,0.00,25.58,8.11
2020,237,0.00,0.00,25.38,7.97
2020,238,0.67,0.00,25.43,7.05
2020,239,2.62,0.00,23.07,6.31
2020,240,0.00,0.00,24.80,4.96
2020,241,2.64,0.00,21.53,5.65
2020,242,9.69,0.00,16.68,4.55
2020,243,1.57,0.00,19.19,2.60
2020,244,3.24,0.00,19.55,2.47
2020,245,0.00,0.00,15.98,2.52
2020,246,0.00,0.00,21.26,1.19
2020,247,0.00,0.00,23.76,2.48
2020,248,0.00,0.00,24.89,4.36
2020,249,0.00,0.00,25.82,5.51
2020,250,0.00,0.00,24.05,5.22
2020,251,0.00,0.00,21.12,3.78
2020,252,6.02,0.00,8.00,-3.06
2020,253,1.25,0.00,8.30,-5.21
2020,254,3.70,0.00,10.51,-1.37
2020,255,0.00,0.00,10.84,-0.63
2020,256,0.00,0.00,16.75,-0.66
2020,257,0.00,0.00,20.28,0.30
2020,258,0.00,0.00,20.49,1.45
2020,259,0.00,0.00,20.18,2.06
2020,260,0.00,0.00,19.09,1.01
2020,261,0.00,0.00,19.72,0.99
2020,262,0.00,0.00,19.59,3.07
2020,263,0.00,0.00,18.48,2.96
2020,264,0.00,0.00,17.89,3.04
2020,265,0.00,0.00,19.64,2.35
2020,266,0.67,0.00,19.08,2.05
2020,267,0.00,0.00,18.68,2.11
2020,268,0.00,0.00,21.74,1.63
2020,269,0.00,0.00,21.23,3.74
2020,270,0.00,0.00,19.83,4.96
2020,271,0.00,0.00,12.05,0.58
2020,272,0.00,0.00,9.79,-5.41
2020,273,0.00,0.00,17.96,-3.58
2020,274,0.00,0.00,18.41,-0.87
2020,275,0.00,0.00,16.61,-1.13
2020,276,0.00,0.00,16.23,-0.58
2020,277,0.00,0.00,15.95,-0.75
2020,278,0.00,0.00,18.48,-1.36
2020,279,0.00,0.00,17.78,-0.05
2020,280,0.00,0.00,20.17,-0.36
2020,281,0.00,0.00,21.80,0.46
2020,282,0.00,0.00,19.41,1.05
2020,283,0.00,0.00,19.11,1.13
2020,284,0.00,0.00,19.45,1.17
2020,285,8.08,0.00,11.12,-4.14
2020,286,0.00,0.00,11.11,-7.26
2020,287,0.00,0.00,15.86,-2.19
2020,288,0.00,0.00,15.63,-0.42
2020,289,0.00,0.00,7.95,-3.29
2020,290,0.00,0.00,12.93,-6.55
2020,291,0.00,0.00,11.84,-0.69
2020,292,0.00,0.00,14.10,1.87
2020,293,0.00,0.00,14.99,1.34
2020,294,0.00,0.00,15.13,0.20
2020,295,0.00,0.00,16.20,0.13
2020,296,0.00,0.00,15.63,-2.19
2020,297,0.00,0.00,10.65,-6.01
2020,298,0.00,0.00,12.58,0.83
2020,299,15.60,15.60,8.35,-10.20
2020,300,1.56,17.16,-7.15,-17.97
2020,301,0.00,17.16,0.42,-19.25
2020,302,0.00,17.16,4.65,-12.50
2020,303,0.00,17.16,7.06,-8.13
2020,304,0.00,17.16,9.45,-6.43
2020,305,0.00,16.87,8.89,-5.32
2020,306,0.00,16.50,12.21,-5.10
2020,307,0.00,15.43,14.06,-3.47
2020,308,0.00,13.69,13.40,-1.84
2020,309,0.00,12.10,12.24,-2.23
2020,310,0.00,10.64,14.03,-2.51
2020,311,0.00,8.96,12.90,-2.01
2020,312,6.42,6.55,12.08,-0.27
2020,313,4.21,6.27,2.75,-5.33
2020,314,3.25,9.53,-1.26,-9.42
2020,315,0.00,9.53,-3.48,-10.76
2020,316,3.61,13.14,-0.19,-15.72
2020,317,0.00,13.14,-2.15,-13.63
2020,318,5.07,18.22,4.45,-14.52
2020,319,5.43,23.65,-2.24,-12.21
2020,320,0.00,23.65,1.70,-13.34
2020,321,0.00,22.83,8.19,-4.04
2020,322,0.00,22.45,12.18,-5.11
2020,323,0.00,20.35,11.82,-0.99
2020,324,0.00,19.08,9.86,-2.98
2020,325,0.00,18.34,7.84,-4.24
2020,326,0.00,18.34,5.60,-6.52
2020,327,0.78,19.12,7.01,-11.52
2020,328,8.81,18.80,6.88,-5.25
2020,329,3.55,22.36,-1.68,-8.81
2020,330,0.00,22.36,3.40,-14.25
2020,331,1.34,23.69,0.49,-13.56
2020,332,0.00,23.69,-0.40,-16.26
2020,333,0.00,23.69,2.24,-13.69
2020,334,0.00,23.69,0.38,-14.77
2020,335,1.34,25.03,2.03,-14.97
2020,336,1.68,26.71,-4.34,-14.67
2020,337,0.00,26.71,-6.67,-19.09
2020,338,0.00,26.71,-1.15,-19.52
2020,339,0.00,26.71,3.78,-13.13
2020,340,0.00,26.71,5.37,-10.68
2020,341,0.00,26.71,5.14,-10.34
2020,342,0.00,26.71,6.30,-10.23
2020,343,0.00,26.71,7.44,-9.38
2020,344,0.00,26.71,7.47,-9.58
2020,345,3.42,30.12,1.79,-9.65
2020,346,3.84,33.97,-3.44,-11.16
2020,347,1.98,35.95,-5.18,-16.20
2020,348,0.00,35.95,-4.41,-20.87
2020,349,2.19,38.14,-1.85,-15.81
2020,350,0.87,39.01,-7.85,-14.83
2020,351,0.73,39.75,-5.33,-14.57
2020,352,2.78,42.53,1.41,-14.82
2020,353,1.49,44.02,-3.09,-12.32
2020,354,0.00,44.02,-2.44,-15.12
2020,355,0.00,44.02,0.93,-12.25
2020,356,0.00,44.02,4.63,-7.73
2020,357,3.69,47.71,6.20,-12.93
2020,358,0.00,47.71,-12.78,-18.57
2020,359,0.00,47.71,-3.56,-20.45
2020,360,0.00,47.71,2.05,-13.56
2020,361,4.22,51.93,5.26,-11.96
2020,362,0.00,51.93,-1.91,-14.21
2020,363,8.22,60.15,-1.17,-15.60
2020,364,1.69,61.84,-5.65,-17.59
2020,365,0.00,61.84,-4.76,-21.40
2021,1,0.00,60.61,-2.23,-14.30
2021,2,0.00,60.61,-3.02,-15.98
2021,3,3.08,63.69,-0.21,-13.79
2021,4,0.00,63.69,2.06,-12.99
2021,5,3.28,66.97,-0.53,-11.49
2021,6,0.00,66.97,-2.51,-14.78
2021,7,0.00,66.97,2.14,-14.51
2021,8,0.00,66.97,-0.93,-16.35
2021,9,0.00,66.97,-1.90,-15.54
2021,10,0.00,66.97,-3.67,-18.66
2021,11,0.00,66.97,-1.74,-19.59
2021,12,0.00,66.97,0.61,-16.10
2021,13,1.28,68.25,3.65,-11.46
2021,14,0.00,68.25,-5.54,-12.50
2021,15,1.11,69.36,-1.15,-14.01
2021,16,0.00,69.36,-1.56,-9.69
2021,17,2.84,72.19,0.73,-6.64
2021,18,1.54,73.74,-3.21,-11.08
2021,19,0.00,73.74,-0.50,-13.40
2021,20,0.00,73.74,2.07,-12.96
2021,21,1.98,75.72,1.65,-7.92
2021,22,0.00,75.72,2.28,-7.77
2021,23,0.00,75.72,0.85,-10.97
2021,24,1.11,76.82,-1.07,-15.46
2021,25,1.06,77.89,-3.96,-16.42
2021,26,1.89,79.77,-6.38,-16.97
2021,27,0.00,79.77,-0.07,-20.25
2021,28,0.00,79.77,7.29,-10.34
2021,29,2.55,82.33,7.12,-8.35
2021,30,3.75,86.08,-2.88,-8.82
2021,31,0.00,86.08,1.76,-14.57
2021,32,0.00,86.08,3.57,-11.43
2021,33,0.00,86.08,6.80,-8.22
2021,34,12.71,98.78,4.85,-9.56
2021,35,3.65,102.43,-7.45,-14.93
2021,36,6.39,108.83,-6.70,-12.07
2021,37,0.00,108.83,-4.17,-10.64
2021,38,0.00,108.83,0.72,-7.94
2021,39,0.00,108.47,1.45,-5.16
2021,40,1.61,107.74,1.60,-4.25
2021,41,0.00,107.57,0.18,-5.61
2021,42,1.90,107.45,1.55,-5.69
2021,43,7.91,106.87,-0.02,-4.64
2021,44,1.94,108.82,0.96,-7.62
2021,45,2.00,110.82,-3.87,-16.99
2021,46,0.00,110.82,-6.13,-16.46
2021,47,1.98,112.79,-3.67,-13.27
2021,48,2.50,115.29,-4.39,-14.83
2021,49,0.00,115.29,-7.24,-18.65
2021,50,0.00,115.29,-2.89,-18.93
2021,51,3.03,118.31,3.15,-10.96
2021,52,0.00,118.31,-5.59,-13.43
2021,53,0.00,118.31,1.74,-11.02
2021,54,0.00,118.31,4.67,-10.73
2021,55,2.89,121.20,0.80,-14.19
2021,56,0.00,121.20,-2.34,-15.07
2021,57,2.00,123.21,-1.64,-14.82
2021,58,2.22,125.42,-6.29,-16.14
2021,59,0.00,125.42,-6.74,-21.52
2021,60,0.00,125.42,2.99,-20.51
2021,61,0.00,125.42,5.53,-14.00
2021,62,1.19,126.61,8.27,-11.87
2021,63,4.43,131.04,-0.39,-8.37
2021,64,0.00,131.04,5.79,-11.71
2021,65,0.00,131.04,8.99,-10.13
2021,66,0.00,131.04,10.70,-6.32
2021,67,0.00,130.43,9.16,-4.55
2021,68,4.09,129.72,9.44,-4.32
2021,69,1.22,130.95,-2.31,-12.26
2021,70,0.00,130.95,2.09,-14.61
2021,71,0.00,130.95,5.23,-11.05
2021,72,5.21,136.16,2.75,-8.08
2021,73,6.78,142.94,-3.07,-10.34
2021,74,2.39,145.34,1.10,-12.19
2021,75,4.21,149.54,2.86,-10.37
2021,76,0.00,149.54,0.66,-11.09
2021,77,0.00,149.54,5.63,-12.65
2021,78,0.00,149.54,9.48,-8.68
2021,79,6.29,148.75,11.53,-4.10
2021,80,8.27,148.66,2.70,-5.79
2021,81,2.18,150.84,2.59,-8.07
2021,82,2.07,152.91,-0.03,-11.28
2021,83,2.16,155.07,1.75,-10.41
2021,84,2.03,157.10,1.40,-9.79
2021,85,2.83,159.93,1.67,-9.90
2021,86,0.00,159.93,1.02,-9.80
2021,87,0.00,159.93,8.03,-9.85
2021,88,8.79,168.72,9.93,-7.72
2021,89,0.00,168.72,-1.75,-13.84
2021,90,0.00,168.72,4.48,-16.99
2021,91,0.00,168.72,11.54,-11.71
2021,92,0.00,168.45,13.07,-5.34
2021,93,0.00,167.38,14.79,-3.46
2021,94,0.00,166.00,14.82,-2.70
2021,95,0.00,164.24,15.11,-1.81
2021,96,0.00,163.83,7.30,-5.04
2021,97,0.00,163.47,6.47,-5.15
2021,98,0.00,162.11,10.15,-2.76
2021,99,0.00,162.11,5.04,-6.70
2021,100,0.00,162.11,9.38,-7.12
2021,101,0.00,161.38,10.62,-4.26
2021,102,0.00,161.38,9.06,-7.24
2021,103,3.17,161.21,6.03,-5.59
2021,104,0.00,160.68,8.39,-4.74
2021,105,7.99,160.13,5.88,-4.71
2021,106,0.00,160.13,0.73,-7.90
2021,107,0.00,160.13,2.40,-11.01
2021,108,0.00,160.13,5.26,-13.66
2021,109,6.06,166.20,8.18,-10.52
2021,110,0.00,166.20,2.80,-13.97
2021,111,2.09,168.29,4.53,-11.19
2021,112,9.37,177.66,3.97,-7.03
2021,113,3.21,180.87,4.79,-9.58
2021,114,0.00,180.87,10.43,-7.69
2021,115,0.00,178.89,14.47,-1.29
2021,116,0.00,176.64,13.03,-0.65
2021,117,9.08,175.86,6.76,-4.15
2021,118,0.00,174.80,7.97,-3.48
2021,119,0.00,174.23,14.77,-4.65
2021,120,0.00,172.46,18.20,-1.78
2021,121,0.00,169.93,18.68,0.03
2021,122,6.26,167.55,9.90,-0.32
2021,123,2.93,165.61,6.49,-1.40
2021,124,7.32,164.38,6.50,-3.07
2021,125,0.00,162.70,8.93,-2.01
2021,126,0.00,161.63,16.96,-3.43
2021,127,0.00,159.16,17.63,-0.13
2021,128,1.71,157.73,11.28,-2.60
2021,129,0.00,157.68,7.83,-5.89
2021,130,7.65,157.40,5.12,-5.33
2021,131,3.32,160.72,3.45,-7.20
2021,132,0.00,160.72,10.34,-7.55
2021,133,0.00,159.56,14.58,-3.24
2021,134,0.00,157.29,15.45,-0.61
2021,135,0.00,154.66,17.75,0.27
2021,136,0.00,151.62,17.07,1.22
2021,137,4.31,148.84,12.39,0.64
2021,138,1.43,146.05,12.06,0.65
2021,139,0.00,143.55,16.00,-0.06
2021,140,0.00,140.58,17.50,1.08
2021,141,0.00,136.30,15.48,4.19
2021,142,5.90,132.06,16.47,4.10
2021,143,0.00,129.64,11.26,-0.25
2021,144,0.00,128.82,14.12,-4.04
2021,145,0.00,127.46,15.59,-2.77
2021,146,0.00,124.90,16.25,0.10
2021,147,0.00,122.52,16.69,-0.34
2021,148,0.00,120.06,18.18,-0.14
2021,149,0.00,117.35,17.98,0.47
2021,150,2.80,114.06,14.62,1.82
2021,151,1.33,111.55,12.76,-0.02
2021,152,0.92,109.41,14.65,-0.89
2021,153,0.00,106.43,16.92,1.08
2021,154,0.00,103.13,20.74,1.86
2021,155,0.00,99.25,23.33,3.24
2021,156,4.66,94.71,23.16,4.79
2021,157,1.23,90.59,21.16,3.83
2021,158,0.00,86.38,21.96,4.02
2021,159,0.00,82.16,24.20,4.05
2021,160,0.00,78.58,24.52,2.52
2021,161,0.00,74.08,24.86,4.70
2021,162,0.00,71.10,23.16,1.10
2021,163,0.00,67.21,24.78,3.26
2021,164,0.00,62.54,26.49,5.12
2021,165,0.00,57.36,27.03,6.34
2021,166,0.00,51.76,27.15,7.34
2021,167,0.00,45.90,26.81,7.94
2021,168,0.00,40.05,27.35,7.93
2021,169,0.00,34.64,24.42,6.88
2021,170,0.82,29.81,21.77,5.50
2021,171,0.00,24.92,23.10,5.65
2021,172,0.00,20.67,21.71,4.13
2021,173,0.00,15.33,24.48,6.69
2021,174,0.00,10.22,21.80,6.17
2021,175,3.18,5.79,18.34,4.56
2021,176,11.16,1.90,16.62,3.26
2021,177,9.08,0.00,13.53,4.67
2021,178,0.66,0.00,15.29,3.73
2021,179,0.00,0.00,16.60,1.35
2021,180,4.06,0.00,17.32,3.88
2021,181,6.15,0.00,18.45,2.97
2021,182,3.17,0.00,18.77,5.40
2021,183,1.55,0.00,21.84,5.31
2021,184,0.00,0.00,22.52,6.34
2021,185,0.00,0.00,24.36,7.11
2021,186,7.34,0.00,24.31,7.19
2021,187,0.00,0.00,22.90,7.32
2021,188,0.00,0.00,24.03,6.10
2021,189,0.00,0.00,25.65,7.69
2021,190,0.00,0.00,26.36,8.98
2021,191,0.00,0.00,23.23,6.28
2021,192,0.00,0.00,23.42,5.35
2021,193,0.00,0.00,24.43,6.46
2021,194,0.00,0.00,23.33,6.94
2021,195,6.53,0.00,17.19,4.86
2021,196,0.00,0.00,21.70,3.48
2021,197,0.00,0.00,21.85,5.26
2021,198,0.00,0.00,23.32,7.86
2021,199,0.00,0.00,25.21,6.09
2021,200,0.00,0.00,25.47,6.32
2021,201,1.46,0.00,25.46,7.70
2021,202,14.13,0.00,23.53,7.92
2021,203,2.17,0.00,23.67,7.99
2021,204,17.05,0.00,22.08,8.15
2021,205,1.97,0.00,19.79,8.40
2021,206,0.00,0.00,23.22,7.14
2021,207,0.00,0.00,24.44,5.95
2021,208,0.00,0.00,25.40,5.85
2021,209,0.00,0.00,27.13,8.06
2021,210,0.00,0.00,25.86,9.22
2021,211,18.49,0.00,23.63,9.14
2021,212,6.34,0.00,21.05,8.32
2021,213,0.64,0.00,18.24,8.85
2021,214,18.50,0.00,19.61,6.58
2021,215,9.77,0.00,14.19,7.13
2021,216,0.00,0.00,18.67,5.21
2021,217,0.00,0.00,22.56,4.06
2021,218,1.14,0.00,22.43,5.97
2021,219,0.00,0.00,17.21,4.55
2021,220,0.00,0.00,21.44,5.42
2021,221,0.00,0.00,22.79,5.72
2021,222,0.00,0.00,22.54,5.04
2021,223,0.00,0.00,23.56,4.74
2021,224,0.00,0.00,23.74,5.05
2021,225,1.70,0.00,23.27,6.48
2021,226,4.62,0.00,24.64,5.37
2021,227,1.02,0.00,22.14,5.51
2021,228,0.00,0.00,21.91,5.02
2021,229,1.98,0.00,23.21,5.26
2021,230,1.76,0.00,21.46,5.85
2021,231,6.18,0.00,14.93,4.31
2021,232,0.00,0.00,14.09,0.69
2021,233,0.00,0.00,17.51,2.53
2021,234,0.00,0.00,20.32,5.42
2021,235,0.00,0.00,21.99,4.35
2021,236,0.00,0.00,22.36,4.74
2021,237,0.00,0.00,23.80,3.16
2021,238,0.00,0.00,19.50,3.64
2021,239,0.00,0.00,22.93,3.32
2021,240,0.00,0.00,23.40,5.42
2021,241,0.00,0.00,23.25,5.79
2021,242,0.00,0.00,22.58,4.58
2021,243,0.00,0.00,23.38,4.70
2021,244,4.18,0.00,19.33,6.37
2021,245,2.55,0.00,16.20,7.82
2021,246,4.24,0.00,16.52,5.53
2021,247,1.90,0.00,19.14,2.83
2021,248,0.00,0.00,20.57,0.65
2021,249,0.00,0.00,22.35,3.22
2021,250,0.00,0.00,23.30,3.13
2021,251,0.00,0.00,24.40,3.60
2021,252,0.00,0.00,24.43,4.95
2021,253,0.00,0.00,24.90,5.17
2021,254,0.00,0.00,23.45,5.89
2021,255,0.00,0.00,20.16,4.74
2021,256,0.00,0.00,19.96,4.66
2021,257,0.00,0.00,19.32,3.50
2021,258,0.00,0.00,21.53,1.98
2021,259,0.00,0.00,20.92,2.68
2021,260,0.00,0.00,21.00,1.95
2021,261,0.00,0.00,22.06,1.79
2021,262,1.80,0.00,17.79,1.77
2021,263,0.00,0.00,10.71,-0.29
2021,264,0.00,0.00,14.30,-3.32
2021,265,0.00,0.00,18.27,-1.79
2021,266,0.00,0.00,18.61,0.13
2021,267,0.00,0.00,18.59,0.14
2021,268,0.00,0.00,20.21,0.99
2021,269,0.00,0.00,20.99,1.90
2021,270,0.00,0.00,19.92,2.64
2021,271,4.95,0.00,15.59,2.39
2021,272,3.84,0.00,10.86,2.10
2021,273,0.00,0.00,12.60,1.55
2021,274,3.44,0.00,11.27,1.35
2021,275,0.00,0.00,13.04,0.41
2021,276,0.00,0.00,15.17,-1.03
2021,277,0.00,0.00,17.39,-0.68
2021,278,0.00,0.00,18.37,0.45
2021,279,0.00,0.00,13.34,0.22
2021,280,0.00,0.00,15.24,-1.24
2021,281,8.22,0.00,13.54,-0.52
2021,282,8.17,0.00,7.64,-1.00
2021,283,0.00,0.00,4.64,-2.47
2021,284,0.00,0.00,11.97,-4.67
2021,285,4.49,0.00,6.45,-4.89
2021,286,0.00,0.00,0.81,-6.28
2021,287,3.99,3.99,0.76,-7.76
2021,288,0.00,3.99,1.94,-9.37
2021,289,0.00,3.99,11.78,-8.77
2021,290,0.00,2.92,14.44,-3.45
2021,291,1.22,1.21,13.62,-1.94
2021,292,0.00,0.54,6.61,-4.39
2021,293,0.00,0.54,9.73,-7.15
2021,294,0.00,0.06,11.90,-4.87
2021,295,0.00,0.00,14.03,-3.70
2021,296,2.80,0.00,11.72,-2.89
2021,297,0.00,0.00,9.81,-2.17
2021,298,0.00,0.00,18.21,-0.35
2021,299,5.04,0.00,9.40,-3.78
2021,300,2.90,0.00,0.56,-5.40
2021,301,0.00,0.00,3.94,-4.66
2021,302,0.00,0.00,11.76,-6.20
2021,303,0.00,0.00,12.16,-4.02
2021,304,3.46,0.00,9.43,-3.15
2021,305,6.74,0.00,5.04,-1.61
2021,306,3.99,0.00,3.05,-0.79
2021,307,0.00,0.00,5.50,-3.72
2021,308,0.00,0.00,8.45,-5.51
2021,309,0.00,0.00,11.03,-3.56
2021,310,0.00,0.00,12.78,-4.04
2021,311,0.00,0.00,13.20,-1.93
2021,312,0.00,0.00,10.51,-2.51
2021,313,3.00,0.00,9.91,-3.50
2021,314,4.27,0.00,1.06,-5.57
2021,315,4.58,4.58,-0.01,-7.85
2021,316,0.00,4.15,3.22,-4.99
2021,317,0.00,3.35,8.35,-4.08
2021,318,0.00,1.95,8.75,-2.66
2021,319,0.00,0.12,11.26,-1.65
2021,320,1.69,0.00,9.19,-1.00
2021,321,0.00,0.00,1.38,-9.86
2021,322,0.00,0.00,7.03,-13.26
2021,323,0.00,0.00,5.91,-5.82
2021,324,1.75,0.00,3.73,-4.17
2021,325,0.00,0.00,2.29,-10.63
2021,326,0.00,0.00,8.39,-8.80
2021,327,1.64,1.64,8.60,-6.57
2021,328,1.68,3.32,-2.39,-11.69
2021,329,0.00,3.32,0.39,-16.30
2021,330,0.00,3.32,6.12,-10.13
2021,331,0.00,3.32,5.79,-7.22
2021,332,0.00,3.32,7.32,-6.52
2021,333,0.00,2.73,10.17,-4.59
2021,334,0.00,2.63,7.16,-5.77
2021,335,0.00,2.10,8.41,-4.73
2021,336,0.00,1.50,11.15,-4.58
2021,337,0.00,1.12,9.97,-5.07
2021,338,0.00,0.99,8.28,-5.70
2021,339,0.00,0.99,5.73,-6.23
2021,340,1.83,2.82,2.08,-9.32
2021,341,0.00,2.82,0.84,-8.99
2021,342,2.86,5.68,1.53,-10.74
2021,343,8.02,13.70,2.34,-6.14
2021,344,1.65,15.35,-3.39,-14.58
2021,345,0.00,15.35,-2.98,-21.18
2021,346,0.00,15.35,4.51,-11.97
2021,347,0.00,15.35,5.62,-9.23
2021,348,3.36,18.72,7.60,-6.22
2021,349,2.88,21.60,0.40,-9.05
2021,350,2.34,23.94,1.16,-14.11
2021,351,0.00,23.94,-6.39,-16.05
2021,352,0.00,23.94,-4.11,-20.63
2021,353,0.00,23.94,2.00,-15.11
2021,354,0.00,23.94,3.53,-12.11
2021,355,0.00,23.94,2.90,-10.91
2021,356,0.00,23.94,5.57,-11.14
2021,357,13.41,23.51,3.17,-4.97
2021,358,14.16,22.78,-0.24,-4.26
2021,359,0.00,22.78,-0.08,-9.85
2021,360,7.79,30.57,-2.65,-11.75
2021,361,3.79,34.36,-3.13,-10.26
2021,362,3.42,37.78,-7.27,-13.13
2021,363,3.84,41.62,-4.35,-12.25
2021,364,6.60,48.22,-3.81,-9.70
2021,365,12.39,60.61,-3.80,-10.63
2022,1,1.09,107.34,-10.86,-21.37
2022,2,0.00,107.34,-5.71,-24.78
2022,3,0.00,107.34,1.23,-15.50
2022,4,1.66,109.00,-1.89,-10.48
2022,5,17.86,126.86,-3.21,-7.34
2022,6,2.89,126.54,0.40,-5.25
2022,7,0.00,126.54,5.69,-6.85
2022,8,3.46,130.01,-0.51,-12.65
2022,9,0.00,130.01,-3.89,-18.07
2022,10,0.00,130.01,1.93,-15.27
2022,11,0.00,130.01,1.80,-13.22
2022,12,0.00,130.01,1.51,-11.90
2022,13,0.00,130.01,5.55,-10.18
2022,14,2.58,132.59,-0.28,-10.71
2022,15,0.00,132.59,-1.11,-17.13
2022,16,0.00,132.59,1.69,-12.25
2022,17,0.00,132.59,3.93,-10.91
2022,18,0.00,132.59,2.11,-11.07
2022,19,0.00,132.59,-1.39,-13.18
2022,20,1.13,133.71,-3.16,-14.45
2022,21,1.70,135.41,-3.57,-11.91
2022,22,0.00,135.41,-0.55,-14.42
2022,23,0.00,135.41,1.03,-14.06
2022,24,1.74,137.15,0.03,-14.25
2022,25,1.28,138.43,-6.07,-17.61
2022,26,0.84,139.28,-5.07,-20.09
2022,27,1.66,140.93,-7.75,-19.25
2022,28,0.00,140.93,-2.82,-20.23
2022,29,0.00,140.93,2.42,-15.58
2022,30,0.00,140.93,4.09,-13.15
2022,31,0.00,140.93,4.47,-13.57
2022,32,4.74,145.68,-3.85,-15.49
2022,33,0.43,146.11,-11.02,-21.11
2022,34,0.00,146.11,-10.83,-26.62
2022,35,0.00,146.11,-4.33,-23.74
2022,36,1.77,147.87,-1.31,-17.34
2022,37,0.00,147.87,-4.09,-16.75
2022,38,0.00,147.87,-0.60,-17.48
2022,39,0.00,147.87,0.55,-13.08
2022,40,0.00,147.87,0.96,-10.93
2022,41,0.00,147.87,2.84,-8.63
2022,42,2.85,150.72,1.58,-13.77
2022,43,0.00,150.72,-1.93,-18.77
2022,44,0.00,150.72,2.46,-14.41
2022,45,0.00,150.72,5.26,-12.45
2022,46,0.00,150.72,6.78,-8.97
2022,47,5.84,156.56,0.62,-12.43
2022,48,0.00,156.56,-5.76,-16.77
2022,49,0.00,156.56,-1.37,-13.77
2022,50,0.00,156.56,3.22,-13.68
2022,51,0.00,156.56,6.15,-10.89
2022,52,2.18,158.74,2.84,-8.01
2022,53,5.03,163.77,-6.31,-10.99
2022,54,3.04,166.81,-1.66,-12.38
2022,55,1.12,167.93,-8.99,-16.19
2022,56,1.35,169.28,-7.14,-17.91
2022,57,0.00,169.28,-6.04,-21.67
2022,58,0.00,169.28,2.63,-18.15
2022,59,0.00,169.28,4.46,-13.42
2022,60,0.00,169.28,7.91,-10.00
2022,61,0.00,169.28,10.09,-6.76
2022,62,0.00,169.10,11.74,-5.58
2022,63,1.68,170.79,6.45,-6.61
2022,64,2.93,173.71,0.39,-8.97
2022,65,5.79,179.50,-1.88,-12.83
2022,66,0.81,180.31,-5.91,-18.42
2022,67,1.11,181.42,-5.85,-21.70
2022,68,8.63,190.05,-2.86,-14.42
2022,69,1.00,191.05,-9.00,-21.55
2022,70,0.00,191.05,-8.13,-25.62
2022,71,0.00,191.05,2.54,-14.58
2022,72,2.69,193.74,7.02,-10.54
2022,73,0.00,193.74,2.91,-10.76
2022,74,0.00,193.74,8.10,-11.03
2022,75,4.64,198.39,5.10,-6.68
2022,76,1.00,199.39,-0.72,-10.91
2022,77,0.00,199.39,0.83,-15.31
2022,78,0.00,199.39,6.38,-12.56
2022,79,0.72,200.11,8.26,-7.96
2022,80,0.00,200.11,1.31,-9.11
2022,81,1.62,201.73,-2.35,-11.60
2022,82,0.00,201.73,2.16,-12.20
2022,83,0.00,201.73,7.03,-7.76
2022,84,0.00,201.51,9.07,-5.48
2022,85,0.00,199.70,12.96,-1.70
2022,86,0.00,197.76,14.88,-1.37
2022,87,0.00,195.92,14.24,-1.61
2022,88,7.68,195.01,3.32,-3.84
2022,89,0.00,195.01,-1.32,-8.18
2022,90,3.75,198.76,7.01,-10.23
2022,91,0.00,198.76,4.74,-7.53
2022,92,1.30,200.06,10.11,-7.05
2022,93,2.47,199.78,5.28,-5.31
2022,94,2.60,202.38,8.13,-7.50
2022,95,3.92,206.30,4.14,-8.98
2022,96,0.00,206.30,-2.46,-11.31
2022,97,0.00,206.30,4.13,-11.30
2022,98,0.00,206.30,9.49,-8.44
2022,99,4.90,205.29,12.20,-3.59
2022,100,0.00,205.29,0.59,-7.59
2022,101,5.42,210.71,7.37,-6.76
2022,102,3.91,214.62,-0.18,-10.17
2022,103,3.24,217.86,-7.39,-13.55
2022,104,0.00,217.86,1.51,-12.04
2022,105,0.00,217.82,7.13,-5.91
2022,106,3.62,217.45,10.88,-5.13
2022,107,4.42,216.22,4.36,-3.07
2022,108,0.00,215.72,13.75,-4.79
2022,109,1.77,213.88,14.06,-1.62
2022,110,0.00,212.06,11.22,-1.66
2022,111,0.00,210.09,16.22,-1.32
2022,112,4.53,209.02,16.43,-3.46
2022,113,2.98,208.46,1.43,-4.66
2022,114,9.39,217.85,2.93,-6.43
2022,115,0.00,217.85,4.78,-6.21
2022,116,0.00,217.85,12.49,-7.00
2022,117,0.00,216.05,12.88,-1.72
2022,118,0.00,214.29,14.42,-1.82
2022,119,0.00,213.48,5.25,-4.06
2022,120,0.00,213.48,10.72,-7.29
2022,121,1.36,211.87,12.28,-2.16
2022,122,1.74,210.08,7.78,-1.74
2022,123,4.57,208.80,13.06,-2.95
2022,124,2.09,208.08,4.89,-4.29
2022,125,0.00,206.73,10.62,-2.79
2022,126,0.00,204.22,16.54,-0.02
2022,127,0.00,201.35,17.71,0.82
2022,128,0.00,198.19,15.69,1.52
2022,129,0.00,195.12,13.77,1.31
2022,130,0.00,192.12,18.30,1.15
2022,131,0.00,189.15,18.84,1.06
2022,132,0.00,187.25,9.95,-1.48
2022,133,0.00,186.13,12.92,-3.32
2022,134,0.00,184.11,16.14,-1.21
2022,135,0.00,181.48,18.42,0.28
2022,136,0.00,178.15,19.33,1.93
2022,137,0.00,175.29,18.94,0.81
2022,138,0.00,172.50,17.42,0.64
2022,139,0.77,168.74,17.81,2.94
2022,140,18.71,168.29,5.62,-4.91
2022,141,1.73,170.01,3.09,-6.21
2022,142,0.96,169.47,7.79,-4.72
2022,143,8.03,167.85,8.22,-2.12
2022,144,2.80,166.12,6.08,-1.89
2022,145,0.00,164.87,11.72,-3.03
2022,146,0.00,162.66,18.30,-0.73
2022,147,0.00,159.25,19.95,2.12
2022,148,0.79,155.92,18.24,1.93
2022,149,7.02,153.67,13.96,-0.65
2022,150,1.00,152.68,5.72,-3.65
2022,151,0.72,152.24,9.91,-4.94
2022,152,0.00,150.06,14.40,-0.82
2022,153,0.00,147.74,17.26,-0.46
2022,154,0.00,144.67,18.18,1.30
2022,155,0.00,141.56,19.05,1.40
2022,156,0.00,137.54,17.60,3.58
2022,157,2.65,134.02,17.45,2.37
2022,158,0.00,130.76,18.91,1.76
2022,159,0.00,127.59,20.52,1.56
2022,160,0.00,122.98,21.73,4.98
2022,161,0.00,118.51,23.26,4.64
2022,162,0.00,113.28,24.82,6.45
2022,163,0.00,107.82,24.10,6.99
2022,164,0.00,102.71,23.67,6.17
2022,165,0.00,98.91,16.98,3.04
2022,166,0.00,96.77,19.56,-0.91
2022,167,0.00,93.07,25.16,2.82
2022,168,0.87,87.61,23.68,6.99
2022,169,2.26,82.25,20.76,6.77
2022,170,0.88,77.47,17.58,5.38
2022,171,0.00,73.92,18.06,2.46
2022,172,0.00,71.31,20.63,0.21
2022,173,0.00,67.52,18.95,3.03
2022,174,8.41,63.72,20.14,3.05
2022,175,2.21,59.84,17.21,3.24
2022,176,4.00,56.11,19.58,2.87
2022,177,5.94,51.92,16.34,3.99
2022,178,0.00,48.28,20.16,2.67
2022,179,2.95,44.13,21.42,3.87
2022,180,4.07,39.59,22.50,4.82
2022,181,2.66,34.64,13.20,5.79
2022,182,0.00,30.41,19.72,4.07
2022,183,3.69,26.12,21.27,4.21
2022,184,3.01,21.08,20.82,5.99
2022,185,3.53,16.18,21.93,5.68
2022,186,10.37,11.01,19.06,6.30
2022,187,1.86,6.11,19.98,5.66
2022,188,0.00,1.45,20.88,5.10
2022,189,0.00,0.00,23.97,6.59
2022,190,0.00,0.00,25.94,7.67
2022,191,1.32,0.00,24.75,7.16
2022,192,0.00,0.00,23.78,6.73
2022,193,0.00,0.00,23.53,6.41
2022,194,4.50,0.00,23.71,7.00
2022,195,4.36,0.00,24.32,7.34
2022,196,1.92,0.00,21.74,7.95
2022,197,2.36,0.00,21.67,7.94
2022,198,0.00,0.00,26.05,6.97
2022,199,0.00,0.00,24.38,9.62
2022,200,1.96,0.00,22.73,8.14
2022,201,1.23,0.00,22.77,7.19
2022,202,0.00,0.00,23.92,6.40
2022,203,1.04,0.00,24.79,7.36
2022,204,1.72,0.00,23.99,8.83
2022,205,22.03,0.00,20.02,7.70
2022,206,0.00,0.00,21.30,7.00
2022,207,0.00,0.00,23.02,6.82
2022,208,0.00,0.00,23.93,6.96
2022,209,1.63,0.00,18.79,7.30
2022,210,0.00,0.00,20.26,5.42
2022,211,0.00,0.00,21.87,4.77
2022,212,0.86,0.00,22.13,7.06
2022,213,5.62,0.00,22.86,6.30
2022,214,1.62,0.00,21.77,6.75
2022,215,0.00,0.00,21.49,7.76
2022,216,0.00,0.00,24.82,7.63
2022,217,6.89,0.00,22.94,8.22
2022,218,0.00,0.00,23.61,7.81
2022,219,0.00,0.00,23.87,7.58
2022,220,0.00,0.00,23.46,7.05
2022,221,0.00,0.00,24.90,7.10
2022,222,0.00,0.00,25.26,8.40
2022,223,0.00,0.00,24.71,7.85
2022,224,10.53,0.00,24.62,6.11
2022,225,0.00,0.00,22.54,6.44
2022,226,8.03,0.00,22.77,6.41
2022,227,15.18,0.00,20.16,6.95
2022,228,18.25,0.00,13.92,6.71
2022,229,0.00,0.00,20.78,3.75
2022,230,0.00,0.00,21.88,4.06
2022,231,0.00,0.00,18.70,5.47
2022,232,1.42,0.00,17.32,6.40
2022,233,2.24,0.00,15.23,5.08
2022,234,2.70,0.00,17.81,4.70
2022,235,0.00,0.00,20.42,3.54
2022,236,0.00,0.00,21.34,4.08
2022,237,9.11,0.00,20.01,4.99
2022,238,2.25,0.00,16.50,4.92
2022,239,0.65,0.00,19.10,3.42
2022,240,3.31,0.00,19.46,3.97
2022,241,0.00,0.00,21.18,3.39
2022,242,0.00,0.00,22.91,5.01
2022,243,0.00,0.00,22.93,6.56
2022,244,0.00,0.00,22.49,5.21
2022,245,0.00,0.00,24.20,6.30
2022,246,0.00,0.00,22.90,6.33
2022,247,0.00,0.00,24.34,5.46
2022,248,0.00,0.00,25.24,6.77
2022,249,0.00,0.00,25.24,7.07
2022,250,0.00,0.00,25.57,6.94
2022,251,0.00,0.00,24.12,6.37
2022,252,0.00,0.00,22.83,4.76
2022,253,0.00,0.00,18.73,1.79
2022,254,0.00,0.00,20.90,0.23
2022,255,0.00,0.00,20.53,1.79
2022,256,0.00,0.00,19.45,3.39
2022,257,4.83,0.00,14.57,2.93
2022,258,3.82,0.00,12.51,2.66
2022,259,1.29,0.00,14.32,1.08
2022,260,0.00,0.00,18.17,1.23
2022,261,0.00,0.00,20.90,2.11
2022,262,0.00,0.00,20.07,3.04
2022,263,0.00,0.00,20.40,2.82
2022,264,9.79,0.00,14.94,4.55
2022,265,2.92,0.00,14.24,4.74
2022,266,0.00,0.00,15.08,2.03
2022,267,0.00,0.00,16.62,-0.67
2022,268,0.00,0.00,18.24,-0.00
2022,269,0.00,0.00,19.03,0.85
2022,270,0.00,0.00,16.39,2.53
2022,271,0.00,0.00,17.31,2.26
2022,272,0.00,0.00,17.05,2.61
2022,273,12.63,0.00,12.87,1.06
2022,274,3.94,0.00,11.90,0.21
2022,275,1.37,0.00,13.14,1.02
2022,276,4.22,0.00,12.68,0.27
2022,277,0.00,0.00,11.47,-0.71
2022,278,0.00,0.00,14.37,-1.42
2022,279,0.00,0.00,15.02,-1.24
2022,280,0.00,0.00,14.16,-0.46
2022,281,0.00,0.00,13.43,-1.15
2022,282,0.00,0.00,13.52,-2.01
2022,283,0.00,0.00,13.07,-1.88
2022,284,0.00,0.00,12.30,-0.85
2022,285,0.00,0.00,13.30,-2.04
2022,286,0.00,0.00,12.10,-2.13
2022,287,0.00,0.00,13.75,-2.97
2022,288,0.00,0.00,14.84,-2.41
2022,289,0.00,0.00,12.52,-2.49
2022,290,0.00,0.00,13.38,-3.46
2022,291,0.00,0.00,13.43,-4.17
2022,292,0.00,0.00,14.75,-3.18
2022,293,0.00,0.00,15.39,-2.48
2022,294,0.00,0.00,12.84,-1.68
2022,295,0.00,0.00,13.13,-1.43
2022,296,4.12,4.12,6.41,-6.31
2022,297,0.00,4.12,-3.70,-9.86
2022,298,2.49,6.61,1.34,-10.62
2022,299,8.82,6.24,1.89,-5.10
2022,300,1.72,7.95,-0.72,-7.51
2022,301,0.00,7.95,6.64,-11.92
2022,302,0.00,7.95,6.97,-9.11
2022,303,0.00,7.95,5.91,-7.60
2022,304,0.00,7.95,7.38,-8.09
2022,305,0.00,7.75,10.54,-5.52
2022,306,0.00,6.64,10.22,-3.35
2022,307,5.37,12.00,5.33,-6.03
2022,308,1.61,13.61,-4.26,-8.50
2022,309,4.52,18.13,0.84,-7.03
2022,310,0.00,17.41,2.45,-4.28
2022,311,0.00,16.62,10.81,-4.12
2022,312,0.00,15.15,11.54,-2.51
2022,313,1.54,16.69,9.67,-6.92
2022,314,0.00,16.69,-2.85,-11.49
2022,315,0.00,16.69,-3.98,-15.46
2022,316,0.00,16.69,2.90,-16.16
2022,317,3.20,19.89,3.96,-12.98
2022,318,2.17,22.07,-5.20,-12.90
2022,319,0.00,22.07,-7.46,-17.66
2022,320,0.00,22.07,-5.05,-19.87
2022,321,1.74,23.80,-2.59,-13.68
2022,322,0.00,23.80,-6.07,-16.27
2022,323,0.00,23.80,-2.39,-19.11
2022,324,0.00,23.80,1.35,-15.58
2022,325,0.00,23.80,4.25,-13.19
2022,326,0.00,23.80,3.85,-12.49
2022,327,1.53,25.33,0.19,-13.03
2022,328,0.00,25.33,-1.65,-13.98
2022,329,0.00,25.33,5.08,-11.85
2022,330,4.44,29.77,4.32,-9.93
2022,331,0.00,29.77,-2.10,-9.41
2022,332,6.73,36.50,0.63,-6.97
2022,333,6.15,42.65,-6.61,-16.07
2022,334,0.00,42.65,1.23,-16.06
2022,335,2.08,44.73,5.76,-8.63
2022,336,6.21,50.94,-0.15,-13.68
2022,337,5.26,56.20,-0.98,-14.51
2022,338,1.98,58.18,5.34,-7.33
2022,339,7.27,57.65,1.29,-4.74
2022,340,3.71,61.37,-2.57,-9.95
2022,341,2.16,63.53,1.14,-11.87
2022,342,1.85,65.37,-3.90,-15.75
2022,343,0.00,65.37,-1.87,-15.48
2022,344,0.00,65.37,2.75,-14.86
2022,345,0.00,65.37,5.47,-10.21
2022,346,1.32,66.70,2.45,-10.92
2022,347,1.87,68.57,-10.11,-13.26
2022,348,0.48,69.05,-8.69,-14.81
2022,349,0.87,69.92,-10.22,-18.96
2022,350,0.00,69.92,-12.42,-21.30
2022,351,0.00,69.92,-6.28,-22.13
2022,352,0.00,69.92,-2.27,-16.65
2022,353,0.00,69.92,-3.82,-17.04
2022,354,3.55,73.47,-1.41,-16.05
2022,355,8.18,81.65,-3.84,-12.18
2022,356,0.00,81.65,-10.21,-18.33
2022,357,2.19,83.84,-3.49,-16.24
2022,358,0.00,83.84,-2.25,-10.24
2022,359,1.31,85.15,1.92,-8.11
2022,360,0.00,85.15,2.56,-6.02
2022,361,3.73,85.10,5.80,-5.87
2022,362,6.35,91.45,0.71,-9.37
2022,363,0.00,91.45,-7.18,-15.17
2022,364,9.49,100.94,-3.12,-17.34
2022,365,5.31,106.25,0.76,-7.54
2023,1,0.00,49.25,3.40,-3.20
2023,2,2.29,51.54,0.42,-8.82
2023,3,4.80,56.34,-4.63,-11.01
2023,4,0.00,56.34,-7.11,-15.79
2023,5,0.00,56.34,2.72,-17.25
2023,6,2.91,59.25,-1.25,-11.95
2023,7,0.00,59.25,-0.99,-13.13
2023,8,0.00,59.25,2.59,-13.99
2023,9,1.13,60.38,2.52,-10.66
2023,10,3.12,60.06,1.88,-5.22
2023,11,2.77,62.83,-2.64,-8.54
2023,12,0.00,62.83,-0.53,-13.72
2023,13,0.00,62.83,3.98,-11.06
2023,14,0.00,62.83,5.98,-7.82
2023,15,3.42,66.24,0.29,-8.18
2023,16,1.72,67.96,-1.19,-9.76
2023,17,8.71,76.67,0.41,-10.90
2023,18,2.18,78.84,-6.81,-13.57
2023,19,0.00,78.84,-3.56,-19.14
2023,20,0.86,79.70,-3.07,-16.68
2023,21,1.38,81.09,-8.84,-16.13
2023,22,0.00,81.09,-1.52,-15.71
2023,23,0.94,82.03,-1.03,-14.63
2023,24,1.32,83.34,-7.38,-16.07
2023,25,1.22,84.56,-10.26,-17.24
2023,26,1.69,86.25,-8.27,-17.61
2023,27,8.21,94.46,-3.19,-13.21
2023,28,2.54,97.00,-4.64,-11.98
2023,29,3.97,100.97,-2.75,-12.34
2023,30,5.65,106.62,-5.16,-14.93
2023,31,0.00,106.62,-8.86,-22.80
2023,32,0.00,106.62,-3.72,-20.15
2023,33,0.00,106.62,-0.37,-15.93
2023,34,0.00,106.62,3.28,-14.85
2023,35,0.00,106.62,1.70,-12.74
2023,36,2.73,109.35,7.07,-10.08
2023,37,0.80,110.14,-4.65,-14.80
2023,38,0.00,110.14,-1.73,-17.53
2023,39,4.81,114.95,-2.04,-17.40
2023,40,0.00,114.95,-8.73,-19.19
2023,41,0.00,114.95,0.24,-21.92
2023,42,0.00,114.95,6.01,-12.63
2023,43,0.00,114.95,3.19,-11.50
2023,44,1.66,116.61,5.71,-12.64
2023,45,2.75,119.36,-3.88,-13.62
2023,46,1.00,120.36,-7.85,-16.07
2023,47,0.00,120.36,-9.07,-21.36
2023,48,0.00,120.36,1.40,-19.07
2023,49,0.00,120.36,1.98,-15.17
2023,50,0.00,120.36,-2.36,-10.17
2023,51,1.56,121.92,-0.06,-7.16
2023,52,0.00,121.92,5.76,-7.24
2023,53,7.03,128.95,-0.63,-12.35
2023,54,0.00,128.95,-7.08,-15.84
2023,55,2.24,131.19,-4.19,-13.40
2023,56,0.00,131.19,5.80,-10.69
2023,57,1.65,132.84,4.15,-9.62
2023,58,3.74,136.59,-1.43,-12.58
2023,59,4.74,141.33,-4.14,-15.76
2023,60,1.51,142.83,-1.60,-17.82
2023,61,0.00,142.83,-1.76,-15.41
2023,62,2.40,145.23,0.23,-15.92
2023,63,0.00,145.23,0.36,-15.66
2023,64,0.00,145.23,0.20,-10.49
2023,65,0.00,145.23,6.20,-10.82
2023,66,0.00,145.23,5.45,-9.95
2023,67,0.00,145.23,4.12,-9.59
2023,68,0.00,145.23,2.06,-9.84
2023,69,14.61,159.85,3.43,-7.81
2023,70,5.13,164.97,1.66,-6.84
2023,71,5.93,170.90,0.80,-7.40
2023,72,0.00,170.90,3.57,-8.92
2023,73,0.00,170.90,5.74,-8.72
2023,74,3.39,170.36,7.25,-4.71
2023,75,0.00,170.36,-2.45,-13.24
2023,76,0.00,170.36,-3.46,-19.49
2023,77,0.00,170.36,-2.28,-21.09
2023,78,0.00,170.36,1.48,-18.51
2023,79,3.04,173.40,0.90,-11.95
2023,80,6.14,179.54,0.50,-10.62
2023,81,4.68,184.23,3.00,-9.12
2023,82,3.06,187.28,0.89,-10.52
2023,83,3.29,190.57,-0.20,-12.74
2023,84,1.07,191.64,-7.73,-16.64
2023,85,2.42,194.06,-5.26,-21.31
2023,86,0.00,194.06,-7.80,-20.04
2023,87,0.00,194.06,4.62,-22.06
2023,88,0.00,194.06,9.51,-10.18
2023,89,4.79,198.85,6.65,-8.48
2023,90,10.69,209.54,-4.60,-9.88
2023,91,0.00,209.54,6.27,-8.59
2023,92,0.00,208.82,7.45,-4.30
2023,93,1.49,207.24,8.44,-2.24
2023,94,1.78,209.02,-0.03,-10.76
2023,95,0.00,209.02,-3.94,-17.08
2023,96,0.00,209.02,2.23,-19.22
2023,97,0.00,209.02,8.79,-13.39
2023,98,0.00,209.02,7.69,-7.13
2023,99,0.00,209.02,8.35,-6.03
2023,100,0.00,208.35,13.55,-4.41
2023,101,0.00,206.81,16.46,-2.32
2023,102,0.00,204.67,15.38,-0.90
2023,103,0.00,202.97,12.30,-1.97
2023,104,4.63,202.93,4.84,-5.90
2023,105,0.00,202.93,0.03,-10.62
2023,106,0.00,202.93,8.78,-11.17
2023,107,0.00,202.77,12.29,-5.61
2023,108,0.00,201.56,11.39,-3.12
2023,109,3.36,204.92,4.93,-8.95
2023,110,3.10,208.02,-2.93,-13.45
2023,111,5.06,213.08,-2.28,-15.33
2023,112,1.76,214.84,0.59,-10.74
2023,113,0.00,214.84,5.85,-11.18
2023,114,3.39,218.23,8.71,-6.22
2023,115,2.21,220.44,6.31,-6.33
2023,116,0.00,219.50,8.67,-3.77
2023,117,6.08,218.69,8.52,-4.07
2023,118,0.00,218.69,5.63,-6.22
2023,119,0.00,218.51,12.57,-5.57
2023,120,0.00,216.78,13.10,-1.87
2023,121,0.00,214.70,16.69,-1.05
2023,122,1.37,212.09,14.44,0.21
2023,123,0.00,209.83,15.55,-0.61
2023,124,0.00,207.15,11.87,0.36
2023,125,0.00,205.63,12.76,-2.37
2023,126,0.00,204.78,11.01,-3.97
2023,127,0.00,202.98,8.88,-1.73
2023,128,0.00,201.28,13.71,-1.95
2023,129,0.00,199.02,16.41,-0.62
2023,130,9.33,197.03,15.08,-1.27
2023,131,29.75,194.54,3.53,-0.06
2023,132,0.82,191.69,9.17,0.78
2023,133,2.88,189.36,11.69,-0.44
2023,134,0.00,186.70,14.44,0.32
2023,135,1.69,183.91,14.31,0.66
2023,136,2.01,181.05,14.21,0.80
2023,137,0.00,178.59,15.58,-0.16
2023,138,2.52,175.90,12.33,0.42
2023,139,3.78,173.14,11.86,0.57
2023,140,0.52,170.50,13.47,0.28
2023,141,0.00,167.70,16.00,0.67
2023,142,0.00,165.09,16.19,0.20
2023,143,0.00,162.62,17.29,-0.11
2023,144,2.27,159.77,14.59,0.77
2023,145,0.87,157.23,17.73,0.06
2023,146,0.00,153.64,16.87,2.56
2023,147,0.42,150.93,15.99,0.45
2023,148,0.00,148.81,15.86,-0.96
2023,149,0.00,146.14,17.98,0.36
2023,150,0.00,143.05,16.58,1.36
2023,151,3.04,140.18,16.80,0.82
2023,152,4.93,136.89,12.27,1.83
2023,153,1.40,133.91,8.24,1.12
2023,154,2.19,130.91,11.05,1.14
2023,155,5.87,127.44,13.34,2.24
2023,156,1.28,124.40,15.89,1.25
2023,157,2.92,121.32,16.93,1.33
2023,158,7.65,118.25,15.29,1.31
2023,159,2.06,114.73,17.49,2.38
2023,160,0.00,111.51,16.84,1.67
2023,161,1.53,108.67,16.72,0.77
2023,162,1.99,105.68,16.79,1.12
2023,163,6.27,102.72,12.63,1.05
2023,164,2.67,100.21,9.78,-0.02
2023,165,3.21,97.20,15.77,1.15
2023,166,2.15,94.02,14.22,1.59
2023,167,4.38,90.98,12.69,1.23
2023,168,3.22,88.34,10.65,0.29
2023,169,0.00,85.22,18.28,1.42
2023,170,0.00,81.01,22.45,4.02
2023,171,0.00,77.00,21.25,3.55
2023,172,0.00,72.96,22.14,3.61
2023,173,0.00,68.65,20.19,4.26
2023,174,0.00,64.95,21.13,2.81
2023,175,0.00,62.38,18.23,0.14
2023,176,0.00,58.98,21.93,2.09
2023,177,0.00,54.81,22.90,3.92
2023,178,0.00,49.79,22.59,5.95
2023,179,0.00,45.37,22.36,4.55
2023,180,0.00,41.51,21.70,3.19
2023,181,0.69,37.94,16.77,2.48
2023,182,0.00,35.02,19.32,0.95
2023,183,0.00,30.82,20.52,4.02
2023,184,0.00,26.69,22.47,3.83
2023,185,0.99,22.08,21.87,4.97
2023,186,0.98,17.15,21.11,5.75
2023,187,0.00,12.44,21.64,5.22
2023,188,0.40,8.39,22.31,3.63
2023,189,0.00,3.88,22.67,4.75
2023,190,0.00,0.00,22.71,3.90
2023,191,0.00,0.00,22.90,5.54
2023,192,0.00,0.00,24.28,7.14
2023,193,0.00,0.00,23.83,6.84
2023,194,0.00,0.00,24.26,6.81
2023,195,0.00,0.00,22.91,6.36
2023,196,0.00,0.00,22.63,5.21
2023,197,0.00,0.00,24.64,4.79
2023,198,0.00,0.00,27.32,7.40
2023,199,1.82,0.00,25.03,7.26
2023,200,9.51,0.00,22.91,7.57
2023,201,4.08,0.00,22.07,7.19
2023,202,0.00,0.00,21.71,4.81
2023,203,0.00,0.00,23.73,4.31
2023,204,0.00,0.00,25.57,6.22
2023,205,0.00,0.00,27.04,7.48
2023,206,0.00,0.00,24.84,8.97
2023,207,1.27,0.00,24.54,7.20
2023,208,0.00,0.00,24.26,6.65
2023,209,0.00,0.00,25.75,8.25
2023,210,0.00,0.00,25.06,8.82
2023,211,3.03,0.00,25.04,8.02
2023,212,23.51,0.00,23.43,8.10
2023,213,9.21,0.00,20.69,7.39
2023,214,7.87,0.00,19.31,7.41
2023,215,1.57,0.00,19.89,6.09
2023,216,0.00,0.00,20.25,4.95
2023,217,0.00,0.00,20.30,4.87
2023,218,0.00,0.00,22.13,4.46
2023,219,0.00,0.00,19.82,4.58
2023,220,0.00,0.00,20.21,3.79
2023,221,0.00,0.00,19.66,2.12
2023,222,1.94,0.00,20.70,4.56
2023,223,0.00,0.00,20.33,4.97
2023,224,1.25,0.00,17.53,5.71
2023,225,0.00,0.00,20.61,4.56
2023,226,0.00,0.00,21.82,3.44
2023,227,0.00,0.00,23.76,4.80
2023,228,1.67,0.00,24.28,6.87
2023,229,0.00,0.00,24.81,6.57
2023,230,0.00,0.00,21.28,7.20
2023,231,0.00,0.00,24.49,6.59
2023,232,0.00,0.00,25.95,7.91
2023,233,0.00,0.00,25.83,6.88
2023,234,0.00,0.00,23.35,7.39
2023,235,1.07,0.00,22.72,7.34
2023,236,15.61,0.00,22.05,7.31
2023,237,11.42,0.00,16.21,7.80
2023,238,0.81,0.00,20.30,7.40
2023,239,3.44,0.00,21.04,6.83
2023,240,2.20,0.00,19.82,5.28
2023,241,0.00,0.00,21.21,3.43
2023,242,0.00,0.00,23.03,4.87
2023,243,0.00,0.00,23.57,5.85
2023,244,0.00,0.00,23.84,6.38
2023,245,1.32,0.00,20.87,6.34
2023,246,0.96,0.00,20.68,6.14
2023,247,0.00,0.00,19.18,3.83
2023,248,0.00,0.00,19.31,1.90
2023,249,0.00,0.00,22.05,3.18
2023,250,0.00,0.00,20.87,3.67
2023,251,0.00,0.00,21.42,3.55
2023,252,0.00,0.00,20.99,3.05
2023,253,4.26,0.00,16.50,4.34
2023,254,0.00,0.00,15.62,2.72
2023,255,0.00,0.00,17.67,0.57
2023,256,0.00,0.00,17.60,1.20
2023,257,4.06,0.00,13.06,1.51
2023,258,4.77,0.00,10.55,0.99
2023,259,0.00,0.00,17.24,-1.11
2023,260,0.00,0.00,17.89,0.60
2023,261,0.90,0.00,16.70,0.98
2023,262,1.25,0.00,14.55,0.39
2023,263,0.00,0.00,17.48,-0.35
2023,264,0.59,0.00,16.76,0.47
2023,265,0.00,0.00,16.58,-0.23
2023,266,0.00,0.00,14.36,-1.65
2023,267,0.00,0.00,16.07,-2.96
2023,268,0.00,0.00,18.68,-1.29
2023,269,0.00,0.00,20.13,0.93
2023,270,0.00,0.00,21.25,1.56
2023,271,0.00,0.00,21.46,1.61
2023,272,0.00,0.00,20.62,1.21
2023,273,0.00,0.00,20.11,1.31
2023,274,0.00,0.00,17.58,3.52
2023,275,3.69,0.00,15.66,0.66
2023,276,1.25,0.00,6.91,-2.12
2023,277,0.00,0.00,9.86,-2.62
2023,278,0.00,0.00,13.10,-0.81
2023,279,0.00,0.00,15.04,-1.95
2023,280,0.00,0.00,16.49,-1.49
2023,281,0.00,0.00,16.69,-0.98
2023,282,0.00,0.00,16.00,-0.74
2023,283,0.00,0.00,14.96,-1.31
2023,284,6.47,0.00,11.42,-2.13
2023,285,4.22,0.00,0.52,-2.57
2023,286,0.00,0.00,5.24,-4.75
2023,287,0.00,0.00,7.50,-5.68
2023,288,0.00,0.00,11.35,-3.87
2023,289,0.00,0.00,15.91,-2.05
2023,290,0.00,0.00,16.44,-0.21
2023,291,0.00,0.00,13.68,-0.60
2023,292,0.00,0.00,16.26,-0.39
2023,293,0.00,0.00,17.97,-0.54
2023,294,0.00,0.00,17.56,-0.37
2023,295,0.00,0.00,14.93,0.00
2023,296,0.00,0.00,15.91,-0.60
2023,297,0.00,0.00,13.25,-1.68
2023,298,0.00,0.00,13.82,-2.78
2023,299,2.16,0.00,12.11,-3.99
2023,300,3.69,0.00,9.16,-4.33
2023,301,16.10,0.00,2.58,-5.23
2023,302,0.00,0.00,-4.68,-13.85
2023,303,0.00,0.00,-2.37,-18.87
2023,304,0.00,0.00,1.47,-15.22
2023,305,0.00,0.00,5.45,-10.11
2023,306,0.00,0.00,7.58,-7.68
2023,307,0.00,0.00,9.21,-3.15
2023,308,0.00,0.00,9.78,-3.84
2023,309,0.00,0.00,12.21,-2.42
2023,310,0.00,0.00,12.85,-0.52
2023,311,1.43,0.00,11.71,-0.29
2023,312,3.00,0.00,1.11,-5.75
2023,313,0.00,0.00,0.59,-11.61
2023,314,0.00,0.00,3.18,-12.97
2023,315,0.00,0.00,4.35,-10.95
2023,316,0.00,0.00,8.63,-8.56
2023,317,0.00,0.00,10.54,-5.33
2023,318,0.00,0.00,9.67,-5.12
2023,319,0.00,0.00,10.27,-5.63
2023,320,1.34,0.00,6.37,-3.52
2023,321,0.00,0.00,7.09,-4.77
2023,322,1.98,1.98,7.13,-7.22
2023,323,2.14,1.86,1.52,-5.72
2023,324,3.88,1.60,-1.31,-5.36
2023,325,0.00,1.60,3.12,-9.40
2023,326,0.00,1.60,7.19,-8.51
2023,327,0.00,1.60,3.78,-8.83
2023,328,2.18,3.77,1.55,-8.32
2023,329,1.20,4.97,-4.95,-12.96
2023,330,0.00,4.97,-2.66,-17.44
2023,331,0.00,4.97,-2.74,-17.49
2023,332,0.00,4.97,1.88,-14.59
2023,333,0.00,4.97,3.31,-12.54
2023,334,2.04,7.01,1.58,-11.89
2023,335,3.99,11.00,-3.24,-10.90
2023,336,9.86,20.86,-6.62,-10.46
2023,337,9.79,30.65,-3.18,-8.59
2023,338,0.00,30.65,2.45,-6.57
2023,339,0.00,30.65,4.85,-8.23
2023,340,0.00,30.65,6.98,-7.69
2023,341,2.56,33.20,3.62,-8.13
2023,342,6.06,39.26,-3.63,-10.74
2023,343,1.61,40.87,-7.33,-16.63
2023,344,2.49,43.36,-2.84,-18.07
2023,345,0.00,43.36,2.33,-9.29
2023,346,0.00,43.36,4.02,-9.17
2023,347,0.47,43.82,3.11,-7.24
2023,348,0.00,43.82,2.46,-9.19
2023,349,0.00,43.82,0.29,-11.86
2023,350,0.00,43.82,3.84,-11.49
2023,351,0.00,43.82,4.29,-10.29
2023,352,0.00,43.82,5.62,-10.13
2023,353,0.00,43.82,4.93,-7.41
2023,354,0.00,43.54,5.66,-5.33
2023,355,0.00,43.54,2.05,-7.32
2023,356,0.00,43.54,4.45,-9.66
2023,357,2.59,46.13,1.77,-7.78
2023,358,2.83,48.96,-5.42,-13.48
2023,359,1.47,50.42,-10.20,-18.90
2023,360,0.00,50.42,-8.93,-16.43
2023,361,0.00,50.42,-3.32,-14.63
2023,362,0.00,50.42,-1.08,-16.27
2023,363,0.00,50.42,1.85,-14.00
2023,364,0.00,50.42,2.95,-12.54
2023,365,0.00,50.42,2.52,-11.06
2024,1,0.00,137.03,1.22,-12.29
2024,2,0.00,137.03,0.04,-13.98
2024,3,0.00,137.03,-0.35,-15.33
2024,4,2.26,139.29,-2.70,-12.94
2024,5,3.42,142.71,-6.48,-12.49
2024,6,0.00,142.71,-7.87,-15.46
2024,7,2.16,144.86,-5.75,-17.19
2024,8,0.00,144.86,-10.00,-18.81
2024,9,4.81,149.68,-6.66,-22.53
2024,10,6.61,156.28,-9.19,-16.51
2024,11,2.73,159.01,-11.22,-17.79
2024,12,5.21,164.22,-10.07,-18.65
2024,13,9.72,173.94,-7.78,-14.39
2024,14,13.26,187.21,-5.15,-10.33
2024,15,3.24,190.44,-8.17,-20.03
2024,16,1.49,191.94,-6.80,-23.50
2024,17,14.54,206.48,-2.81,-16.10
2024,18,4.67,211.15,-2.25,-11.01
2024,19,0.00,211.15,-0.42,-12.43
2024,20,1.26,212.41,4.86,-10.09
2024,21,2.27,214.68,0.30,-7.23
2024,22,0.99,215.67,1.28,-7.84
2024,23,0.00,215.67,1.44,-11.69
2024,24,3.84,219.51,0.68,-11.82
2024,25,1.54,221.06,-0.62,-10.53
2024,26,0.67,221.73,-3.64,-11.27
2024,27,0.00,221.73,-1.53,-14.44
2024,28,0.00,221.73,3.69,-12.88
2024,29,0.00,221.73,3.92,-9.74
2024,30,0.00,221.73,5.62,-10.47
2024,31,0.00,221.73,4.92,-10.44
2024,32,0.00,221.73,4.63,-10.41
2024,33,12.42,234.15,5.28,-7.24
2024,34,5.60,239.75,-2.92,-9.13
2024,35,0.00,239.75,-0.97,-14.65
2024,36,0.00,239.75,4.29,-13.90
2024,37,0.00,239.75,7.09,-8.92
2024,38,5.14,244.89,1.83,-8.32
2024,39,1.01,245.90,-2.32,-13.33
2024,40,1.41,247.31,-2.76,-15.99
2024,41,2.02,249.33,-4.78,-16.51
2024,42,0.00,249.33,-5.47,-17.43
2024,43,0.00,249.33,-0.30,-17.23
2024,44,0.57,249.90,1.52,-14.36
2024,45,2.03,251.93,-1.62,-12.05
2024,46,4.67,256.60,2.20,-11.26
2024,47,8.16,264.76,-2.53,-10.51
2024,48,0.00,264.76,-3.54,-17.74
2024,49,3.13,267.89,-1.17,-18.10
2024,50,0.00,267.89,4.39,-13.68
2024,51,1.25,267.75,5.63,-5.65
2024,52,2.93,270.68,5.27,-6.81
2024,53,3.02,273.70,-1.29,-9.42
2024,54,0.00,273.70,-0.95,-14.48
2024,55,0.00,273.70,4.69,-14.83
2024,56,0.00,273.70,5.38,-11.01
2024,57,3.90,273.65,3.94,-5.90
2024,58,6.93,280.58,-1.53,-13.57
2024,59,0.00,280.58,-0.03,-22.01
2024,60,0.00,280.58,4.43,-14.13
2024,61,0.00,280.58,6.01,-10.39
2024,62,11.37,291.96,6.79,-8.69
2024,63,6.91,298.87,-2.93,-13.13
2024,64,2.51,301.37,-0.64,-12.85
2024,65,1.90,303.28,-0.04,-9.84
2024,66,0.00,303.28,3.09,-9.01
2024,67,1.55,304.82,2.47,-10.84
2024,68,0.00,304.82,-2.83,-12.84
2024,69,0.00,304.82,1.40,-17.42
2024,70,0.00,304.82,4.70,-14.70
2024,71,1.40,306.23,7.45,-11.66
2024,72,2.17,308.40,5.57,-7.91
2024,73,8.48,316.88,3.31,-6.56
2024,74,0.00,316.88,0.15,-8.00
2024,75,0.00,316.88,5.38,-8.73
2024,76,0.00,316.88,5.20,-9.95
2024,77,0.00,316.88,3.75,-9.83
2024,78,0.00,316.88,5.48,-11.60
2024,79,0.00,316.88,7.50,-9.85
2024,80,0.00,316.88,7.75,-9.47
2024,81,2.28,319.16,7.18,-8.29
2024,82,0.00,319.16,7.07,-7.60
2024,83,2.60,319.07,7.86,-5.79
2024,84,7.01,326.08,4.62,-7.58
2024,85,0.00,326.08,-3.81,-12.59
2024,86,3.91,329.99,-2.86,-16.09
2024,87,0.00,329.99,-0.61,-13.04
2024,88,3.11,333.09,6.13,-12.32
2024,89,4.54,333.04,4.79,-5.88
2024,90,0.00,332.15,7.72,-3.87
2024,91,1.78,331.83,6.74,-5.25
2024,92,0.95,332.79,2.78,-7.16
2024,93,0.00,332.79,4.70,-8.43
2024,94,0.00,332.76,9.23,-5.95
2024,95,0.00,332.76,13.47,-6.46
2024,96,3.95,331.74,12.38,-3.56
2024,97,8.91,340.65,-1.96,-8.89
2024,98,0.00,340.65,-0.06,-11.45
2024,99,0.00,340.65,2.76,-12.33
2024,100,1.59,342.23,5.77,-12.00
2024,101,0.00,342.23,4.25,-7.83
2024,102,0.00,342.23,9.40,-8.69
2024,103,0.00,342.20,13.86,-5.93
2024,104,0.00,340.87,13.44,-2.84
2024,105,0.00,339.85,15.54,-3.55
2024,106,11.19,339.50,10.40,-5.16
2024,107,4.62,338.94,5.18,-4.67
2024,108,0.00,338.09,11.63,-3.98
2024,109,1.91,336.73,8.80,-2.77
2024,110,5.65,334.79,8.37,-1.37
2024,111,1.84,333.36,6.36,-2.61
2024,112,0.00,333.01,11.12,-5.15
2024,113,0.00,331.32,13.16,-1.99
2024,114,0.00,329.49,13.51,-1.64
2024,115,0.00,327.39,15.99,-0.99
2024,116,7.62,325.77,13.90,-2.16
2024,117,8.56,324.13,8.16,-2.09
2024,118,7.41,323.16,4.34,-3.70
2024,119,4.39,321.96,4.45,-3.14
2024,120,0.00,321.13,7.82,-4.01
2024,121,0.00,319.37,11.32,-1.82
2024,122,1.47,318.27,11.06,-3.38
2024,123,0.00,318.27,7.94,-6.67
2024,124,0.00,317.63,11.81,-4.47
2024,125,0.00,317.58,14.01,-5.87
2024,126,4.48,315.98,15.00,-2.21
2024,127,3.47,319.45,3.82,-6.48
2024,128,13.94,333.39,-1.99,-6.99
2024,129,0.00,333.39,-1.36,-11.57
2024,130,0.00,333.39,4.51,-9.04
2024,131,0.00,332.89,8.13,-4.81
2024,132,4.53,332.13,9.11,-4.19
2024,133,0.00,330.54,10.90,-2.20
2024,134,1.04,329.20,14.71,-2.80
2024,135,0.00,327.04,13.42,-0.86
2024,136,0.00,324.75,12.48,-0.57
2024,137,0.00,322.99,14.88,-1.80
2024,138,0.00,320.88,16.02,-0.97
2024,139,0.00,318.47,15.73,-0.27
2024,140,0.00,316.13,14.76,-0.42
2024,141,2.31,313.74,16.63,-0.32
2024,142,3.27,313.51,5.57,-5.46
2024,143,0.00,313.51,11.35,-8.72
2024,144,1.84,313.40,13.93,-5.72
2024,145,0.00,313.40,11.53,-7.41
2024,146,7.09,312.12,12.58,-2.97
2024,147,0.00,310.32,9.62,-1.70
2024,148,0.00,308.17,15.93,-0.87
2024,149,0.00,305.87,17.87,-0.53
2024,150,0.00,302.97,17.89,0.90
2024,151,0.00,300.63,17.69,-0.43
2024,152,0.00,298.44,16.93,-0.78
2024,153,0.00,295.91,18.36,0.03
2024,154,0.00,292.89,19.02,1.18
2024,155,1.58,289.52,18.25,2.02
2024,156,0.00,285.55,16.24,3.44
2024,157,0.00,282.45,20.36,1.38
2024,158,0.00,278.70,23.76,2.95
2024,159,3.03,274.44,22.23,4.14
2024,160,2.55,270.34,21.79,3.76
2024,161,3.89,266.56,23.16,3.01
2024,162,1.29,262.37,20.31,3.97
2024,163,0.00,258.57,21.76,3.04
2024,164,0.00,254.09,22.95,4.66
2024,165,0.00,249.46,24.96,5.04
2024,166,0.00,245.30,17.42,3.89
2024,167,0.00,241.77,21.33,2.40
2024,168,0.00,237.34,24.21,4.56
2024,169,0.00,232.75,23.86,4.92
2024,170,0.00,230.63,18.73,-0.94
2024,171,1.00,227.22,17.06,2.13
2024,172,5.91,222.56,21.58,5.09
2024,173,5.63,218.18,18.57,4.43
2024,174,0.00,214.69,21.22,2.31
2024,175,0.00,210.73,23.14,3.43
2024,176,0.00,205.76,23.54,5.84
2024,177,0.00,200.97,25.00,5.41
2024,178,2.14,195.72,24.86,6.50
2024,179,11.61,190.98,21.39,5.27
2024,180,1.93,186.60,20.12,4.42
2024,181,2.40,181.35,23.79,6.52
2024,182,6.91,175.34,22.69,8.31
2024,183,13.47,169.86,19.26,7.02
2024,184,0.00,165.49,17.93,4.41
2024,185,0.00,161.77,20.40,2.86
2024,186,0.00,158.61,19.98,1.53
2024,187,0.00,155.69,18.41,0.93
2024,188,0.00,152.20,20.60,2.32
2024,189,0.00,148.63,20.00,2.51
2024,190,0.00,145.37,20.09,1.76
2024,191,2.13,141.32,21.81,3.64
2024,192,0.00,137.45,22.72,3.22
2024,193,0.00,133.04,24.69,4.50
2024,194,0.00,127.69,25.86,6.74
2024,195,0.00,122.08,26.66,7.35
2024,196,0.00,116.48,25.27,7.33
2024,197,2.79,111.35,23.62,6.20
2024,198,4.04,106.65,20.90,5.19
2024,199,5.87,102.46,22.59,3.99
2024,200,2.58,97.59,22.26,5.59
2024,201,3.11,92.54,21.87,6.02
2024,202,0.00,88.12,21.95,4.52
2024,203,4.98,83.32,19.09,5.44
2024,204,0.00,79.71,20.22,2.60
2024,205,0.00,75.98,22.73,2.88
2024,206,0.00,71.22,23.93,5.33
2024,207,0.00,66.19,26.12,5.98
2024,208,3.75,61.01,21.45,6.33
2024,209,1.42,55.69,23.13,6.66
2024,210,0.00,50.78,22.66,5.70
2024,211,0.00,46.02,25.09,5.33
2024,212,0.00,41.22,25.11,5.44
2024,213,0.00,36.93,24.84,4.19
2024,214,0.00,32.11,27.55,5.49
2024,215,0.00,26.17,26.99,8.15
2024,216,0.00,20.32,27.31,7.92
2024,217,7.87,14.16,24.92,8.66
2024,218,9.84,8.79,22.98,6.80
2024,219,0.00,3.52,24.65,6.53
2024,220,1.70,0.00,23.64,6.07
2024,221,0.00,0.00,23.30,5.19
2024,222,6.72,0.00,17.50,6.24
2024,223,9.28,0.00,21.96,5.01
2024,224,1.64,0.00,19.24,4.08
2024,225,0.00,0.00,20.44,6.06
2024,226,1.67,0.00,18.08,6.09
2024,227,4.19,0.00,19.28,5.01
2024,228,0.00,0.00,20.05,2.72
2024,229,0.00,0.00,23.44,5.51
2024,230,0.59,0.00,24.71,5.26
2024,231,0.00,0.00,22.83,5.49
2024,232,0.00,0.00,22.62,6.58
2024,233,1.37,0.00,23.72,6.27
2024,234,4.52,0.00,22.49,6.37
2024,235,5.73,0.00,19.19,6.31
2024,236,1.61,0.00,18.14,5.59
2024,237,0.00,0.00,18.52,5.84
2024,238,5.61,0.00,17.59,5.15
2024,239,0.00,0.00,18.78,5.09
2024,240,0.00,0.00,21.29,3.56
2024,241,0.00,0.00,21.34,4.24
2024,242,0.00,0.00,21.16,2.91
2024,243,0.00,0.00,21.49,1.84
2024,244,0.00,0.00,22.76,3.12
2024,245,0.00,0.00,22.24,3.37
2024,246,0.00,0.00,21.76,3.45
2024,247,0.00,0.00,22.59,3.21
2024,248,12.53,0.00,18.21,2.12
2024,249,0.00,0.00,16.05,2.21
2024,250,0.00,0.00,20.95,0.51
2024,251,0.00,0.00,20.65,2.65
2024,252,0.73,0.00,21.10,3.12
2024,253,1.11,0.00,20.55,2.57
2024,254,1.63,0.00,19.16,2.32
2024,255,1.37,0.00,18.08,1.74
2024,256,0.00,0.00,20.77,3.02
2024,257,0.00,0.00,19.61,0.52
2024,258,0.00,0.00,20.72,1.17
2024,259,0.93,0.00,18.79,1.70
2024,260,0.00,0.00,16.70,1.88
2024,261,2.06,0.00,15.97,1.48
2024,262,0.00,0.00,17.12,-1.13
2024,263,0.00,0.00,19.85,-0.40
2024,264,0.00,0.00,20.53,1.81
2024,265,3.39,0.00,17.82,-0.73
2024,266,0.00,0.00,12.19,-0.28
2024,267,0.00,0.00,16.70,-1.06
2024,268,0.00,0.00,18.23,0.11
2024,269,0.00,0.00,23.86,1.76
2024,270,0.00,0.00,21.34,3.18
2024,271,0.00,0.00,21.04,3.85
2024,272,0.00,0.00,22.45,3.49
2024,273,0.00,0.00,22.11,4.34
2024,274,0.00,0.00,21.38,3.29
2024,275,0.00,0.00,21.23,0.73
2024,276,0.00,0.00,19.96,1.23
2024,277,0.00,0.00,19.54,-0.22
2024,278,0.00,0.00,21.28,0.58
2024,279,0.00,0.00,18.62,1.52
2024,280,0.00,0.00,19.81,-0.20
2024,281,0.00,0.00,16.41,-0.57
2024,282,0.00,0.00,16.87,-1.42
2024,283,0.00,0.00,16.13,-0.57
2024,284,0.00,0.00,17.67,-0.16
2024,285,0.00,0.00,17.33,1.41
2024,286,0.00,0.00,17.04,0.41
2024,287,0.00,0.00,17.16,0.19
2024,288,0.00,0.00,17.08,0.49
2024,289,0.00,0.00,17.03,-0.69
2024,290,0.00,0.00,15.80,-0.84
2024,291,0.00,0.00,11.60,-0.59
2024,292,0.00,0.00,9.74,-2.32
2024,293,0.00,0.00,11.72,-0.72
2024,294,11.88,0.00,13.73,-2.24
2024,295,7.73,0.00,5.08,-2.86
2024,296,0.00,0.00,11.17,-3.83
2024,297,0.00,0.00,15.40,-2.90
2024,298,0.00,0.00,10.70,-2.97
2024,299,0.00,0.00,13.48,-4.41
2024,300,0.00,0.00,15.45,-2.92
2024,301,0.00,0.00,16.87,-2.52
2024,302,1.58,0.00,14.83,-1.87
2024,303,3.95,3.95,8.27,-6.88
2024,304,3.24,7.18,0.93,-10.32
2024,305,0.00,7.18,5.73,-11.11
2024,306,0.00,7.18,7.20,-8.76
2024,307,0.00,7.18,9.39,-7.42
2024,308,16.37,23.56,1.88,-8.09
2024,309,0.00,23.56,-0.15,-11.50
2024,310,7.68,31.23,-0.75,-12.38
2024,311,0.00,31.23,-2.80,-13.72
2024,312,3.03,34.26,2.59,-13.37
2024,313,5.07,39.34,-0.81,-8.98
2024,314,4.12,43.46,-1.33,-9.00
2024,315,0.00,43.46,6.04,-10.07
2024,316,0.00,43.46,7.46,-8.09
2024,317,2.23,45.69,5.63,-9.57
2024,318,0.00,45.69,3.33,-10.93
2024,319,0.00,45.69,9.15,-7.95
2024,320,0.00,45.69,9.79,-7.99
2024,321,0.00,45.69,0.30,-11.54
2024,322,0.00,45.69,0.34,-14.15
2024,323,4.18,49.88,0.54,-13.77
2024,324,1.83,51.70,-9.93,-16.08
2024,325,0.00,51.70,-0.78,-19.43
2024,326,0.00,51.70,6.54,-11.10
2024,327,0.00,51.70,8.87,-7.16
2024,328,0.00,51.63,10.68,-5.82
2024,329,8.74,60.36,4.06,-8.32
2024,330,12.10,72.47,-1.02,-13.79
2024,331,28.68,101.15,-1.86,-8.31
2024,332,0.00,101.15,-4.43,-13.25
2024,333,0.00,101.15,-5.10,-19.59
2024,334,0.00,101.15,-2.14,-18.12
2024,335,0.00,101.15,0.35,-16.12
2024,336,0.00,101.15,1.43,-12.08
2024,337,0.00,101.15,2.39,-11.73
2024,338,0.00,101.15,3.71,-10.23
2024,339,0.00,101.15,4.25,-10.50
2024,340,0.00,101.15,3.41,-10.38
2024,341,0.00,101.15,2.54,-11.80
2024,342,0.00,101.15,2.93,-12.25
2024,343,1.29,102.44,2.47,-11.55
2024,344,2.99,105.43,-7.45,-15.21
2024,345,0.00,105.43,-9.90,-16.35
2024,346,0.00,105.43,-1.89,-16.94
2024,347,0.00,105.43,2.71,-13.21
2024,348,1.41,106.83,-1.95,-13.36
2024,349,1.95,108.78,2.97,-14.05
2024,350,0.00,108.78,-0.31,-12.06
2024,351,0.00,108.78,4.39,-12.98
2024,352,2.60,111.38,1.63,-11.82
2024,353,0.00,111.38,2.89,-13.57
2024,354,0.00,111.38,2.94,-10.28
2024,355,0.00,111.38,6.21,-10.00
2024,356,0.00,111.38,5.95,-8.93
2024,357,0.00,111.38,5.96,-7.49
2024,358,1.67,113.05,1.10,-6.47
2024,359,0.00,113.05,1.77,-8.98
2024,360,1.56,114.61,1.58,-8.30
2024,361,7.52,122.13,-1.01,-10.85
2024,362,4.42,126.55,-2.02,-10.43
2024,363,8.44,134.99,-0.69,-7.82
2024,364,7.96,134.48,4.13,-4.78
2024,365,2.55,137.03,-3.55,-13.56
